id,name,logo
180 - AEROFLEX,AEROFLEX,logos/AEROFLEX.png
179 - ALFAPARF,ALFAPARF,logos/ALFAPARF.png
123 - ALISE HAIR,ALISE HAIR,logos/ALISE HAIR.png
205 - AMAZONIA AROMAS,AMAZONIA AROMAS,logos/AMAZONIA AROMAS.png
68 - AMEND,AMEND,logos/AMEND.png
145 - ANADREY,ANADREY,logos/ANADREY.png
193 - BELLESA,BELLESA,logos/BELLESA.png
8 - BICHO DA SEDA,BICHO DA SEDA,logos/BICHO DA SEDA.png
17 - BUTTERFLY,BUTTERFLY,logos/BUTTERFLY.png
92 - CEFISA,CEFISA,logos/CEFISA.png
236 - CHIQUE,CHIQUE,logos/CHIQUE.png
148 - CIA DA NATUREZA,CIA DA NATUREZA,logos/CIA DA NATUREZA.png
44 - CLINOFF,CLINOFF,logos/CLINOFF.png
143 - CLOY,CLOY,logos/CLOY.png
74 - COTTONBABY,COTTONBABY,logos/COTTONBABY.png
189 - DELICATE,DELICATE,logos/DELICATE.png
226 - DENTAL CLEAN,DENTAL CLEAN,logos/DENTAL CLEAN.png
178 - DENTRAT,DENTRAT,logos/DENTRAT.png
15 - DEPIMIEL,DEPIMIEL,logos/DEPIMIEL.png
238 - DERMABEL,DERMABEL,logos/DERMABEL.png
72 - DORIGON,DORIGON,logos/DORIGON.png
131 - DRICA,DRICA,logos/DRICA.png
57 - ESCOBEL,ESCOBEL,logos/ESCOBEL.png
109 - FARNESE,FARNESE,logos/FARNESE.png
218 - FASHION,FASHION,logos/FASHION.png
217 - FHACES,FHACES,logos/FHACES.png
246 - GOOD GIRL,GOOD GIRL,logos/GOOD GIRL.png
141 - HIGIMARCAS,HIGIMARCAS,logos/HIGIMARCAS.png
75 - JEAN BRYAN,JEAN BRYAN,logos/JEAN BRYAN.png
203 - KANECHOM,KANECHOM,logos/KANECHOM.png
251 - LICENCIADOS,LICENCIADOS,logos/LICENCIADOS.png
31 - MERHEJE,MERHEJE,logos/MERHEJE.png
132 - MINHACOR,MINHACOR,logos/MINHACOR.png
126 - MURIEL,MURIEL,logos/MURIEL.png
185 - NATUHAIR,NATUHAIR,logos/NATUHAIR.png
237 - NOVO TOQUE,NOVO TOQUE,logos/NOVO TOQUE.png
128 - NUTRIEX,NUTRIEX,logos/NUTRIEX.png
244 - ONLYOU,ONLYOU,logos/ONLYOU.png
227 - PANDA FRALDAS,PANDA FRALDAS,logos/PANDA FRALDAS.png
70 - PARENTEX,PARENTEX,logos/PARENTEX.png
231 - PET BRILHO,PET BRILHO,logos/PET BRILHO.png
239 - PHARMA COSMÉTICOS,PHARMA COSMÉTICOS,logos/PHARMA COSMÉTICOS.png
103 - POWER DENT,POWER DENT,logos/POWER DENT.png
250 - PROSEX,PROSEX,logos/PROSEX.png
118 - QUEEN B,QUEEN B,logos/QUEEN B.png
234 - RAZZO,RAZZO,logos/RAZZO.png
232 - SANDÁLIAS,SANDÁLIAS,logos/SANDÁLIAS.png
35 - SANTA CLARA,SANTA CLARA,logos/SANTA CLARA.png
53 - SERGIO PARIS,SERGIO PARIS,logos/SERGIO PARIS.png
110 - SEX FREE,SEX FREE,logos/SEX FREE.png
235 - STILL LIFE,STILL LIFE,logos/STILL LIFE.png
240 - TANGO,TANGO,logos/TANGO.png
21 - VICEROY,VICEROY,logos/VICEROY.png
49 - VIDAL LIFE,VIDAL LIFE,logos/VIDAL LIFE.png
85 - VIZET,VIZET,logos/VIZET.png
80 - ZANINPHARMA,ZANINPHARMA,logos/ZANINPHARMA.png
136 - ZOG,ZOG,logos/ZOG.png
